{
"lengthUnit": "mil",
"components": {
	"fields": ["COMPONENT_NO", "COMPONENT_NAME", "LAYER", "X_COORDINATE", "Y_COORDINATE", "ANGLE"],
	"rows": [
		[1, "C1", "T", 1180.79, -3031.53, 0],
		[2, "C2", "T", 6651.3, -3280, 90],
		[3, "C3", "T", 95.11, -2800.86, 270],
		[4, "C4", "T", 95.11, -3115.83, 270],
		[5, "C5", "B", 950, -1265, 270],
		[6, "C6", "B", 1160, -1050, 315],
		[7, "C7", "T", 95, -3430, 270],
		[8, "C8", "T", 3149.29, -3031.53, 0],
		[9, "C9", "B", 1734.39, -1656.52, 180],
		[10, "C10", "B", 1050, -1930, 270],
		[11, "C11", "B", 835, -1705, 45],
		[12, "C12", "B", 552.37, -335, 0],
		[13, "C13", "B", 552.37, -865, 0],
		[14, "C14", "B", 1470, -2430, 0],
		[15, "C15", "T", 5117.8, -3031.53, 0],
		[16, "C16", "B", 2990, -330, 90],
		[17, "C17", "T", 7086.3, -3031.53, 0],
		[18, "CN1", "B", 157.48, -2244.09, 270],
		[19, "CN2", "B", 157.48, -1692.91, 270],
		[20, "D1", "B", 582.92, -1200.73, 180],
		[21, "D2", "B", 585, -1075, 180],
		[22, "D3", "B", 1394.28, -1471.52, 180],
		[23, "D4", "B", 1345, -1755, 90],
		[24, "D5", "B", 1450, -2205, 180],
		[25, "H1", "B", 4527.56, -118.11, 0],
		[26, "H2", "B", 4527.56, -3582.68, 180],
		[27, "L1", "B", 1700, -1295, 270],
		[28, "L2", "B", 1780, -2105, 90],
		[29, "LED1", "T", 1574.8, -1574.8, 0],
		[30, "LED2", "T", 3543.31, -1574.8, 0],
		[31, "LED3", "T", 5511.81, -1574.8, 0],
		[32, "LED4", "T", 7480.31, -1574.8, 0],
		[33, "P1", "B", 216.54, -1102.36, 90],
		[34, "Q1", "T", 2666.3, -3095, 270],
		[35, "Q2", "B", 1145, -630, 180],
		[36, "Q3", "B", 1145, -806.78, 180],
		[37, "R1", "T", 525.24, -2799.07, 90],
		[38, "R2", "B", 367.92, -2299.21, 0],
		[39, "R3", "B", 367.92, -2169.29, 0],
		[40, "R4", "B", 367.92, -2039.37, 0],
		[41, "R5", "T", 525.24, -3114.03, 90],
		[42, "R6", "T", 1968.5, -3031.5, 0],
		[43, "R7", "T", 1968.5, -3110.24, 0],
		[44, "R8", "T", 1968.5, -3188.98, 0],
		[45, "R9", "T", 1968.5, -3267.72, 0],
		[46, "R10", "T", 1968.5, -3346.46, 0],
		[47, "R11", "T", 1968.5, -3425.2, 0],
		[48, "R12", "T", 1968.5, -3503.94, 0],
		[49, "R13", "T", 525.24, -3428.99, 90],
		[50, "R14", "T", 2626.3, -3230, 270],
		[51, "R15", "T", 3937.01, -3031.5, 0],
		[52, "R16", "T", 3937.01, -3110.24, 0],
		[53, "R17", "T", 3937.01, -3188.98, 0],
		[54, "R18", "T", 3937.01, -3267.72, 0],
		[55, "R19", "T", 3937.01, -3346.46, 0],
		[56, "R20", "T", 3937.01, -3425.2, 0],
		[57, "R21", "T", 3937.01, -3503.94, 0],
		[58, "R22", "B", 830, -535, 0],
		[59, "R23", "B", 830, -475, 0],
		[60, "R24", "B", 1005, -667.4, 180],
		[61, "R25", "B", 1005, -844.18, 180],
		[62, "R26", "B", 1265, -659.66, 90],
		[63, "R27", "B", 1265, -777.12, 270],
		[64, "R28", "T", 5905.51, -3031.5, 0],
		[65, "R29", "T", 5905.51, -3110.24, 0],
		[66, "R30", "T", 5905.51, -3188.98, 0],
		[67, "R31", "T", 5905.51, -3267.72, 0],
		[68, "R32", "T", 5905.51, -3346.46, 0],
		[69, "R33", "T", 5905.51, -3425.2, 0],
		[70, "R34", "T", 5905.51, -3503.94, 0],
		[71, "R35", "T", 7874.02, -3031.5, 0],
		[72, "R36", "T", 7874.02, -3110.24, 0],
		[73, "R37", "T", 7874.02, -3188.98, 0],
		[74, "R38", "T", 7874.02, -3267.72, 0],
		[75, "R39", "T", 7874.02, -3346.46, 0],
		[76, "R40", "T", 7874.02, -3425.2, 0],
		[77, "R41", "T", 7874.02, -3503.94, 0],
		[78, "SW1", "T", 314.96, -2755.89, 180],
		[79, "SW2", "T", 314.96, -3070.85, 180],
		[80, "SW3", "T", 314.96, -3385.81, 180],
		[81, "SW4", "B", 1574.8, -708.66, 180],
		[82, "TP1", "B", 806.83, -1001.52, 180],
		[83, "TP2", "B", 1979.39, -1586.52, 180],
		[84, "TP3", "B", 1898.59, -1916.52, 180],
		[85, "U1", "T", 1177.58, -3299.12, 270],
		[86, "U2", "T", 1571.28, -3299.12, 270],
		[87, "U3", "B", 623.23, -2294.41, 0],
		[88, "U4", "B", 623.23, -2164.49, 0],
		[89, "U5", "B", 623.23, -2034.57, 0],
		[90, "U6", "B", 1395, -1280, 270],
		[91, "U7", "T", 3146.08, -3299.12, 270],
		[92, "U8", "T", 3539.79, -3299.12, 270],
		[93, "U9", "B", 1465, -2020, 270],
		[94, "U10", "B", 550, -605, 270],
		[95, "U11", "T", 5114.59, -3299.12, 270],
		[96, "U12", "T", 5508.29, -3299.12, 270],
		[97, "U13", "B", 2530, -660, 270],
		[98, "U14", "T", 7083.09, -3299.12, 270],
		[99, "U15", "T", 7476.79, -3299.12, 270],
		[100, "USB1", "B", 170, -590.55, 90]
	]
},
"pins": {
	"fields": ["PIN_NO", "PIN_NAME", "PIN_X", "PIN_Y", "LAYER", "PIN_TYPE", "NET_NAME", "NET_TYPE", "PAD_SHAPE", "PAD_SIZEX", "PAD_SIZEY", "HOLE_SIZE", "PAD_ANGLE"],
	"rows": [
		[1, "C1_1", 1153.23, -3031.53, "T", "SMD", "GND", "GND", "R", 31.5, 35.43, 0, 0],
		[2, "C1_2", 1208.35, -3031.53, "T", "SMD", "5V", "", "R", 31.5, 35.43, 0, 0],
		[3, "C2_1", 6651.3, -3342.7, "T", "SMD", "GND", "GND", "R", 58.47, 68.03, 0, 90],
		[4, "C2_2", 6651.3, -3217.3, "T", "SMD", "5V", "", "R", 58.47, 68.03, 0, 90],
		[5, "C3_1", 95.11, -2773.31, "T", "SMD", "GND", "GND", "R", 31.5, 35.43, 0, 270],
		[6, "C3_2", 95.11, -2828.42, "T", "SMD", "D34", "", "R", 31.5, 35.43, 0, 270],
		[7, "C4_1", 95.11, -3088.27, "T", "SMD", "GND", "GND", "R", 31.5, 35.43, 0, 270],
		[8, "C4_2", 95.11, -3143.39, "T", "SMD", "D35", "", "R", 31.5, 35.43, 0, 270],
		[9, "C5_1", 950, -1087.84, "B", "SMD", "$1N6966", "", "R", 177.16, 64.96, 0, 270],
		[10, "C5_2", 950, -1442.16, "B", "SMD", "GND", "GND", "R", 177.16, 64.96, 0, 270],
		[11, "C6_1", 1115.66, -1005.66, "B", "SMD", "$1N6966", "", "R", 58.47, 68.03, 0, 315],
		[12, "C6_2", 1204.34, -1094.34, "B", "SMD", "GND", "GND", "R", 58.47, 68.03, 0, 315],
		[13, "C7_1", 95, -3402.44, "T", "SMD", "GND", "GND", "R", 31.5, 35.43, 0, 270],
		[14, "C7_2", 95, -3457.56, "T", "SMD", "D32", "", "R", 31.5, 35.43, 0, 270],
		[15, "C8_1", 3121.73, -3031.53, "T", "SMD", "GND", "GND", "R", 31.5, 35.43, 0, 0],
		[16, "C8_2", 3176.85, -3031.53, "T", "SMD", "5V", "", "R", 31.5, 35.43, 0, 0],
		[17, "C9_1", 1872.19, -1656.52, "B", "SMD", "5V", "", "R", 157.48, 62.99, 0, 180],
		[18, "C9_2", 1596.6, -1656.52, "B", "SMD", "GND", "GND", "R", 157.48, 62.99, 0, 180],
		[19, "C10_1", 1050, -1752.84, "B", "SMD", "$1N6977", "", "R", 177.16, 64.96, 0, 270],
		[20, "C10_2", 1050, -2107.16, "B", "SMD", "GND", "GND", "R", 177.16, 64.96, 0, 270],
		[21, "C11_1", 790.66, -1749.34, "B", "SMD", "GND", "GND", "R", 58.47, 68.03, 0, 45],
		[22, "C11_2", 879.34, -1660.66, "B", "SMD", "$1N6977", "", "R", 58.47, 68.03, 0, 45],
		[23, "C12_1", 524.81, -335, "B", "SMD", "5V", "", "R", 31.5, 35.43, 0, 0],
		[24, "C12_2", 579.93, -335, "B", "SMD", "GND", "GND", "R", 31.5, 35.43, 0, 0],
		[25, "C13_1", 524.81, -865, "B", "SMD", "GND", "GND", "R", 31.5, 35.43, 0, 0],
		[26, "C13_2", 579.93, -865, "B", "SMD", "$1N4238", "", "R", 31.5, 35.43, 0, 0],
		[27, "C14_1", 1570.59, -2430, "B", "SMD", "VCC", "", "R", 128.35, 45.28, 0, 180],
		[28, "C14_2", 1369.41, -2430, "B", "SMD", "GND", "GND", "R", 128.35, 45.28, 0, 180],
		[29, "C15_1", 5090.24, -3031.53, "T", "SMD", "GND", "GND", "R", 31.5, 35.43, 0, 0],
		[30, "C15_2", 5145.36, -3031.53, "T", "SMD", "5V", "", "R", 31.5, 35.43, 0, 0],
		[31, "C16_1", 2990, -357.56, "B", "SMD", "VCC", "", "R", 31.5, 35.43, 0, 90],
		[32, "C16_2", 2990, -302.44, "B", "SMD", "GND", "GND", "R", 31.5, 35.43, 0, 90],
		[33, "C17_1", 7058.74, -3031.53, "T", "SMD", "GND", "GND", "R", 31.5, 35.43, 0, 0],
		[34, "C17_2", 7113.86, -3031.53, "T", "SMD", "5V", "", "R", 31.5, 35.43, 0, 0],
		[35, "CN1_1", 157.48, -2096.45, "T", "DIP", "$1N11642", "", "R", 60, 62.99, 43.31, 270],
		[36, "CN1_1", 157.48, -2096.45, "B", "DIP", "$1N11642", "", "R", 60, 62.99, 43.31, 270],
		[37, "CN1_2", 157.48, -2194.88, "T", "DIP", "$1N11637", "", "C", 62.99, 62.99, 43.31, 270],
		[38, "CN1_2", 157.48, -2194.88, "B", "DIP", "$1N11637", "", "C", 62.99, 62.99, 43.31, 270],
		[39, "CN1_3", 157.48, -2293.3, "T", "DIP", "$1N11628", "", "C", 62.99, 62.99, 43.31, 270],
		[40, "CN1_3", 157.48, -2293.3, "B", "DIP", "$1N11628", "", "C", 62.99, 62.99, 43.31, 270],
		[41, "CN1_4", 157.48, -2391.73, "T", "DIP", "12V1", "", "C", 62.99, 62.99, 43.31, 270],
		[42, "CN1_4", 157.48, -2391.73, "B", "DIP", "12V1", "", "C", 62.99, 62.99, 43.31, 270],
		[43, "CN2_1", 157.48, -1545.27, "T", "DIP", "GND", "GND", "R", 60, 62.99, 43.31, 270],
		[44, "CN2_1", 157.48, -1545.27, "B", "DIP", "GND", "GND", "R", 60, 62.99, 43.31, 270],
		[45, "CN2_2", 157.48, -1643.7, "T", "DIP", "5V", "", "C", 62.99, 62.99, 43.31, 270],
		[46, "CN2_2", 157.48, -1643.7, "B", "DIP", "5V", "", "C", 62.99, 62.99, 43.31, 270],
		[47, "CN2_3", 157.48, -1742.12, "T", "DIP", "SDA", "", "C", 62.99, 62.99, 43.31, 270],
		[48, "CN2_3", 157.48, -1742.12, "B", "DIP", "SDA", "", "C", 62.99, 62.99, 43.31, 270],
		[49, "CN2_4", 157.48, -1840.55, "T", "DIP", "SCL", "", "C", 62.99, 62.99, 43.31, 270],
		[50, "CN2_4", 157.48, -1840.55, "B", "DIP", "SCL", "", "C", 62.99, 62.99, 43.31, 270],
		[51, "D1_1", 669.53, -1200.73, "B", "SMD", "12V1", "", "R", 78.74, 78.74, 0, 0],
		[52, "D1_2", 496.31, -1200.73, "B", "SMD", "12V", "", "R", 78.74, 78.74, 0, 0],
		[53, "D2_1", 671.61, -1075, "B", "SMD", "$1N6966", "", "R", 78.74, 78.74, 0, 0],
		[54, "D2_2", 498.39, -1075, "B", "SMD", "12V", "", "R", 78.74, 78.74, 0, 0],
		[55, "D3_1", 1480.89, -1471.52, "B", "SMD", "$1N6970", "", "R", 78.74, 78.74, 0, 0],
		[56, "D3_2", 1307.67, -1471.52, "B", "SMD", "GND", "GND", "R", 78.74, 78.74, 0, 0],
		[57, "D4_1", 1345, -1841.61, "B", "SMD", "$1N6977", "", "R", 78.74, 78.74, 0, 270],
		[58, "D4_2", 1345, -1668.39, "B", "SMD", "5V", "", "R", 78.74, 78.74, 0, 270],
		[59, "D5_1", 1536.61, -2205, "B", "SMD", "$1N6985", "", "R", 78.74, 78.74, 0, 0],
		[60, "D5_2", 1363.39, -2205, "B", "SMD", "GND", "GND", "R", 78.74, 78.74, 0, 0],
		[61, "H1_1", 4277.56, -118.11, "T", "DIP", "GND", "GND", "C", 74.8, 74.8, 43.31, 0],
		[62, "H1_1", 4277.56, -118.11, "B", "DIP", "GND", "GND", "C", 74.8, 74.8, 43.31, 0],
		[63, "H1_2", 4377.56, -118.11, "T", "DIP", "5V", "", "C", 74.8, 74.8, 43.31, 0],
		[64, "H1_2", 4377.56, -118.11, "B", "DIP", "5V", "", "C", 74.8, 74.8, 43.31, 0],
		[65, "H1_3", 4477.56, -118.11, "T", "DIP", "12V1", "", "C", 74.8, 74.8, 43.31, 0],
		[66, "H1_3", 4477.56, -118.11, "B", "DIP", "12V1", "", "C", 74.8, 74.8, 43.31, 0],
		[67, "H1_4", 4577.56, -118.11, "T", "DIP", "D27", "", "C", 74.8, 74.8, 43.31, 0],
		[68, "H1_4", 4577.56, -118.11, "B", "DIP", "D27", "", "C", 74.8, 74.8, 43.31, 0],
		[69, "H1_5", 4677.56, -118.11, "T", "DIP", "D14", "", "C", 74.8, 74.8, 43.31, 0],
		[70, "H1_5", 4677.56, -118.11, "B", "DIP", "D14", "", "C", 74.8, 74.8, 43.31, 0],
		[71, "H1_6", 4777.56, -118.11, "T", "DIP", "D12", "", "C", 74.8, 74.8, 43.31, 0],
		[72, "H1_6", 4777.56, -118.11, "B", "DIP", "D12", "", "C", 74.8, 74.8, 43.31, 0],
		[73, "H2_1", 4777.56, -3582.68, "T", "DIP", "4Q7'", "", "R", 70.87, 70.87, 43.31, 180],
		[74, "H2_1", 4777.56, -3582.68, "B", "DIP", "4Q7'", "", "R", 70.87, 70.87, 43.31, 180],
		[75, "H2_2", 4677.56, -3582.68, "T", "DIP", "D14", "", "C", 70.87, 70.87, 43.31, 180],
		[76, "H2_2", 4677.56, -3582.68, "B", "DIP", "D14", "", "C", 70.87, 70.87, 43.31, 180],
		[77, "H2_3", 4577.56, -3582.68, "T", "DIP", "D27", "", "C", 70.87, 70.87, 43.31, 180],
		[78, "H2_3", 4577.56, -3582.68, "B", "DIP", "D27", "", "C", 70.87, 70.87, 43.31, 180],
		[79, "H2_4", 4477.56, -3582.68, "T", "DIP", "12V1", "", "C", 70.87, 70.87, 43.31, 180],
		[80, "H2_4", 4477.56, -3582.68, "B", "DIP", "12V1", "", "C", 70.87, 70.87, 43.31, 180],
		[81, "H2_5", 4377.56, -3582.68, "T", "DIP", "5V", "", "C", 70.87, 70.87, 43.31, 180],
		[82, "H2_5", 4377.56, -3582.68, "B", "DIP", "5V", "", "C", 70.87, 70.87, 43.31, 180],
		[83, "H2_6", 4277.56, -3582.68, "T", "DIP", "GND", "GND", "C", 70.87, 70.87, 43.31, 180],
		[84, "H2_6", 4277.56, -3582.68, "B", "DIP", "GND", "GND", "C", 70.87, 70.87, 43.31, 180],
		[85, "L1_1", 1700, -1184.77, "B", "SMD", "$1N6970", "", "R", 98.42, 149.61, 0, 270],
		[86, "L1_2", 1700, -1405.24, "B", "SMD", "5V", "", "R", 98.42, 149.61, 0, 270],
		[87, "L2_1", 1780, -2215.24, "B", "SMD", "$1N6985", "", "R", 98.42, 149.61, 0, 90],
		[88, "L2_2", 1780, -1994.76, "B", "SMD", "VCC", "", "R", 98.42, 149.61, 0, 90],
		[89, "LED1_1", 1374.8, -2759.84, "T", "DIP", "12V1", "", "C", 60, 60, 36, 0],
		[90, "LED1_1", 1374.8, -2759.84, "B", "DIP", "12V1", "", "C", 60, 60, 36, 0],
		[91, "LED1_2", 1474.8, -2759.84, "T", "DIP", "$1N2927", "", "C", 60, 60, 36, 0],
		[92, "LED1_2", 1474.8, -2759.84, "B", "DIP", "$1N2927", "", "C", 60, 60, 36, 0],
		[93, "LED1_3", 1574.8, -2759.84, "T", "DIP", "$1N2925", "", "C", 60, 60, 36, 0],
		[94, "LED1_3", 1574.8, -2759.84, "B", "DIP", "$1N2925", "", "C", 60, 60, 36, 0],
		[95, "LED1_4", 1674.8, -2759.84, "T", "DIP", "$1N2923", "", "C", 60, 60, 36, 0],
		[96, "LED1_4", 1674.8, -2759.84, "B", "DIP", "$1N2923", "", "C", 60, 60, 36, 0],
		[97, "LED1_5", 1774.8, -2759.84, "T", "DIP", "12V1", "", "C", 60, 60, 36, 0],
		[98, "LED1_5", 1774.8, -2759.84, "B", "DIP", "12V1", "", "C", 60, 60, 36, 0],
		[99, "LED1_6", 1774.8, -389.76, "T", "DIP", "$1N2921", "", "C", 60, 60, 36, 0],
		[100, "LED1_6", 1774.8, -389.76, "B", "DIP", "$1N2921", "", "C", 60, 60, 36, 0],
		[101, "LED1_7", 1674.8, -389.76, "T", "DIP", "$1N2919", "", "C", 60, 60, 36, 0],
		[102, "LED1_7", 1674.8, -389.76, "B", "DIP", "$1N2919", "", "C", 60, 60, 36, 0],
		[103, "LED1_8", 1574.8, -389.76, "T", "DIP", "LED1_8", "", "C", 60, 60, 36, 0],
		[104, "LED1_8", 1574.8, -389.76, "B", "DIP", "LED1_8", "", "C", 60, 60, 36, 0],
		[105, "LED1_9", 1474.8, -389.76, "T", "DIP", "$1N2929", "", "C", 60, 60, 36, 0],
		[106, "LED1_9", 1474.8, -389.76, "B", "DIP", "$1N2929", "", "C", 60, 60, 36, 0],
		[107, "LED1_10", 1374.8, -389.76, "T", "DIP", "$1N2931", "", "C", 60, 60, 36, 0],
		[108, "LED1_10", 1374.8, -389.76, "B", "DIP", "$1N2931", "", "C", 60, 60, 36, 0],
		[109, "LED2_1", 3343.31, -2759.84, "T", "DIP", "12V1", "", "C", 60, 60, 36, 0],
		[110, "LED2_1", 3343.31, -2759.84, "B", "DIP", "12V1", "", "C", 60, 60, 36, 0],
		[111, "LED2_2", 3443.31, -2759.84, "T", "DIP", "$1N2933", "", "C", 60, 60, 36, 0],
		[112, "LED2_2", 3443.31, -2759.84, "B", "DIP", "$1N2933", "", "C", 60, 60, 36, 0],
		[113, "LED2_3", 3543.31, -2759.84, "T", "DIP", "$1N2935", "", "C", 60, 60, 36, 0],
		[114, "LED2_3", 3543.31, -2759.84, "B", "DIP", "$1N2935", "", "C", 60, 60, 36, 0],
		[115, "LED2_4", 3643.31, -2759.84, "T", "DIP", "$1N2937", "", "C", 60, 60, 36, 0],
		[116, "LED2_4", 3643.31, -2759.84, "B", "DIP", "$1N2937", "", "C", 60, 60, 36, 0],
		[117, "LED2_5", 3743.31, -2759.84, "T", "DIP", "12V1", "", "C", 60, 60, 36, 0],
		[118, "LED2_5", 3743.31, -2759.84, "B", "DIP", "12V1", "", "C", 60, 60, 36, 0],
		[119, "LED2_6", 3743.31, -389.76, "T", "DIP", "$1N2939", "", "C", 60, 60, 36, 0],
		[120, "LED2_6", 3743.31, -389.76, "B", "DIP", "$1N2939", "", "C", 60, 60, 36, 0],
		[121, "LED2_7", 3643.31, -389.76, "T", "DIP", "$1N2941", "", "C", 60, 60, 36, 0],
		[122, "LED2_7", 3643.31, -389.76, "B", "DIP", "$1N2941", "", "C", 60, 60, 36, 0],
		[123, "LED2_8", 3543.31, -389.76, "T", "DIP", "$1N16258", "", "C", 60, 60, 36, 0],
		[124, "LED2_8", 3543.31, -389.76, "B", "DIP", "$1N16258", "", "C", 60, 60, 36, 0],
		[125, "LED2_9", 3443.31, -389.76, "T", "DIP", "$1N2943", "", "C", 60, 60, 36, 0],
		[126, "LED2_9", 3443.31, -389.76, "B", "DIP", "$1N2943", "", "C", 60, 60, 36, 0],
		[127, "LED2_10", 3343.31, -389.76, "T", "DIP", "$1N2945", "", "C", 60, 60, 36, 0],
		[128, "LED2_10", 3343.31, -389.76, "B", "DIP", "$1N2945", "", "C", 60, 60, 36, 0],
		[129, "LED3_1", 5311.81, -2759.84, "T", "DIP", "12V1", "", "C", 60, 60, 36, 0],
		[130, "LED3_1", 5311.81, -2759.84, "B", "DIP", "12V1", "", "C", 60, 60, 36, 0],
		[131, "LED3_2", 5411.81, -2759.84, "T", "DIP", "$1N2947", "", "C", 60, 60, 36, 0],
		[132, "LED3_2", 5411.81, -2759.84, "B", "DIP", "$1N2947", "", "C", 60, 60, 36, 0],
		[133, "LED3_3", 5511.81, -2759.84, "T", "DIP", "$1N2949", "", "C", 60, 60, 36, 0],
		[134, "LED3_3", 5511.81, -2759.84, "B", "DIP", "$1N2949", "", "C", 60, 60, 36, 0],
		[135, "LED3_4", 5611.81, -2759.84, "T", "DIP", "$1N2951", "", "C", 60, 60, 36, 0],
		[136, "LED3_4", 5611.81, -2759.84, "B", "DIP", "$1N2951", "", "C", 60, 60, 36, 0],
		[137, "LED3_5", 5711.81, -2759.84, "T", "DIP", "12V1", "", "C", 60, 60, 36, 0],
		[138, "LED3_5", 5711.81, -2759.84, "B", "DIP", "12V1", "", "C", 60, 60, 36, 0],
		[139, "LED3_6", 5711.81, -389.76, "T", "DIP", "$1N2953", "", "C", 60, 60, 36, 0],
		[140, "LED3_6", 5711.81, -389.76, "B", "DIP", "$1N2953", "", "C", 60, 60, 36, 0],
		[141, "LED3_7", 5611.81, -389.76, "T", "DIP", "$1N2955", "", "C", 60, 60, 36, 0],
		[142, "LED3_7", 5611.81, -389.76, "B", "DIP", "$1N2955", "", "C", 60, 60, 36, 0],
		[143, "LED3_8", 5511.81, -389.76, "T", "DIP", "LED3_8", "", "C", 60, 60, 36, 0],
		[144, "LED3_8", 5511.81, -389.76, "B", "DIP", "LED3_8", "", "C", 60, 60, 36, 0],
		[145, "LED3_9", 5411.81, -389.76, "T", "DIP", "$1N2957", "", "C", 60, 60, 36, 0],
		[146, "LED3_9", 5411.81, -389.76, "B", "DIP", "$1N2957", "", "C", 60, 60, 36, 0],
		[147, "LED3_10", 5311.81, -389.76, "T", "DIP", "$1N2959", "", "C", 60, 60, 36, 0],
		[148, "LED3_10", 5311.81, -389.76, "B", "DIP", "$1N2959", "", "C", 60, 60, 36, 0],
		[149, "LED4_1", 7280.31, -2759.84, "T", "DIP", "12V1", "", "C", 60, 60, 36, 0],
		[150, "LED4_1", 7280.31, -2759.84, "B", "DIP", "12V1", "", "C", 60, 60, 36, 0],
		[151, "LED4_2", 7380.31, -2759.84, "T", "DIP", "$1N2978", "", "C", 60, 60, 36, 0],
		[152, "LED4_2", 7380.31, -2759.84, "B", "DIP", "$1N2978", "", "C", 60, 60, 36, 0],
		[153, "LED4_3", 7480.31, -2759.84, "T", "DIP", "$1N2980", "", "C", 60, 60, 36, 0],
		[154, "LED4_3", 7480.31, -2759.84, "B", "DIP", "$1N2980", "", "C", 60, 60, 36, 0],
		[155, "LED4_4", 7580.31, -2759.84, "T", "DIP", "$1N2982", "", "C", 60, 60, 36, 0],
		[156, "LED4_4", 7580.31, -2759.84, "B", "DIP", "$1N2982", "", "C", 60, 60, 36, 0],
		[157, "LED4_5", 7680.31, -2759.84, "T", "DIP", "12V1", "", "C", 60, 60, 36, 0],
		[158, "LED4_5", 7680.31, -2759.84, "B", "DIP", "12V1", "", "C", 60, 60, 36, 0],
		[159, "LED4_6", 7680.31, -389.76, "T", "DIP", "$1N2984", "", "C", 60, 60, 36, 0],
		[160, "LED4_6", 7680.31, -389.76, "B", "DIP", "$1N2984", "", "C", 60, 60, 36, 0],
		[161, "LED4_7", 7580.31, -389.76, "T", "DIP", "$1N2986", "", "C", 60, 60, 36, 0],
		[162, "LED4_7", 7580.31, -389.76, "B", "DIP", "$1N2986", "", "C", 60, 60, 36, 0],
		[163, "LED4_8", 7480.31, -389.76, "T", "DIP", "LED4_8", "", "C", 60, 60, 36, 0],
		[164, "LED4_8", 7480.31, -389.76, "B", "DIP", "LED4_8", "", "C", 60, 60, 36, 0],
		[165, "LED4_9", 7380.31, -389.76, "T", "DIP", "$1N2988", "", "C", 60, 60, 36, 0],
		[166, "LED4_9", 7380.31, -389.76, "B", "DIP", "$1N2988", "", "C", 60, 60, 36, 0],
		[167, "LED4_10", 7280.31, -389.76, "T", "DIP", "$1N2990", "", "C", 60, 60, 36, 0],
		[168, "LED4_10", 7280.31, -389.76, "B", "DIP", "$1N2990", "", "C", 60, 60, 36, 0],
		[169, "P1_1", 216.54, -1200.96, "T", "DIP", "GND", "GND", "C", 78.74, 78.74, 47.24, 90],
		[170, "P1_1", 216.54, -1200.96, "B", "DIP", "GND", "GND", "C", 78.74, 78.74, 47.24, 90],
		[171, "P1_2", 216.54, -1003.76, "T", "DIP", "12V", "", "C", 78.74, 78.74, 47.24, 90],
		[172, "P1_2", 216.54, -1003.76, "B", "DIP", "12V", "", "C", 78.74, 78.74, 47.24, 90],
		[173, "Q1_1", 2628.9, -3134.37, "T", "SMD", "$1N16252", "", "R", 49.21, 27.56, 0, 270],
		[174, "Q1_2", 2703.7, -3134.37, "T", "SMD", "GND", "GND", "R", 49.21, 27.56, 0, 270],
		[175, "Q1_3", 2666.3, -3055.63, "T", "SMD", "$1N16258", "", "R", 49.21, 27.56, 0, 270],
		[176, "Q2_1", 1105.63, -667.4, "B", "SMD", "$1N4242", "", "R", 49.21, 27.56, 0, 180],
		[177, "Q2_2", 1105.63, -592.6, "B", "SMD", "DTR", "", "R", 49.21, 27.56, 0, 180],
		[178, "Q2_3", 1184.37, -630, "B", "SMD", "D0", "", "R", 49.21, 27.56, 0, 180],
		[179, "Q3_1", 1105.63, -844.18, "B", "SMD", "$1N4250", "", "R", 49.21, 27.56, 0, 180],
		[180, "Q3_2", 1105.63, -769.38, "B", "SMD", "RTS", "", "R", 49.21, 27.56, 0, 180],
		[181, "Q3_3", 1184.37, -806.78, "B", "SMD", "EN", "", "R", 49.21, 27.56, 0, 180],
		[182, "R1_1", 525.24, -2828.73, "T", "SMD", "D34", "", "R", 31.75, 34.02, 0, 90],
		[183, "R1_2", 525.24, -2769.41, "T", "SMD", "GND", "GND", "R", 31.75, 34.02, 0, 90],
		[184, "R2_1", 328.55, -2299.21, "B", "SMD", "$1N11628", "", "R", 44.59, 54.21, 0, 0],
		[185, "R2_2", 407.29, -2299.21, "B", "SMD", "$1N11617", "", "R", 44.59, 54.21, 0, 0],
		[186, "R3_1", 328.55, -2169.29, "B", "SMD", "$1N11637", "", "R", 44.59, 54.21, 0, 0],
		[187, "R3_2", 407.29, -2169.29, "B", "SMD", "$1N11496", "", "R", 44.59, 54.21, 0, 0],
		[188, "R4_1", 328.55, -2039.37, "B", "SMD", "$1N11642", "", "R", 44.59, 54.21, 0, 0],
		[189, "R4_2", 407.29, -2039.37, "B", "SMD", "$1N11041", "", "R", 44.59, 54.21, 0, 0],
		[190, "R5_1", 525.24, -3143.69, "T", "SMD", "D35", "", "R", 31.75, 34.02, 0, 90],
		[191, "R5_2", 525.24, -3084.37, "T", "SMD", "GND", "GND", "R", 31.75, 34.02, 0, 90],
		[192, "R6_1", 1929.13, -3031.5, "T", "SMD", "$1N2918", "", "R", 44.59, 54.21, 0, 0],
		[193, "R6_2", 2007.87, -3031.5, "T", "SMD", "$1N2919", "", "R", 44.59, 54.21, 0, 0],
		[194, "R7_1", 1929.13, -3110.24, "T", "SMD", "$1N2920", "", "R", 44.59, 54.21, 0, 0],
		[195, "R7_2", 2007.87, -3110.24, "T", "SMD", "$1N2921", "", "R", 44.59, 54.21, 0, 0],
		[196, "R8_1", 1929.13, -3188.98, "T", "SMD", "$1N2922", "", "R", 44.59, 54.21, 0, 0],
		[197, "R8_2", 2007.87, -3188.98, "T", "SMD", "$1N2923", "", "R", 44.59, 54.21, 0, 0],
		[198, "R9_1", 1929.13, -3267.72, "T", "SMD", "$1N2924", "", "R", 44.59, 54.21, 0, 0],
		[199, "R9_2", 2007.87, -3267.72, "T", "SMD", "$1N2925", "", "R", 44.59, 54.21, 0, 0],
		[200, "R10_1", 1929.13, -3346.46, "T", "SMD", "$1N2926", "", "R", 44.59, 54.21, 0, 0],
		[201, "R10_2", 2007.87, -3346.46, "T", "SMD", "$1N2927", "", "R", 44.59, 54.21, 0, 0],
		[202, "R11_1", 1929.13, -3425.2, "T", "SMD", "$1N2928", "", "R", 44.59, 54.21, 0, 0],
		[203, "R11_2", 2007.87, -3425.2, "T", "SMD", "$1N2929", "", "R", 44.59, 54.21, 0, 0],
		[204, "R12_1", 1929.13, -3503.94, "T", "SMD", "$1N2930", "", "R", 44.59, 54.21, 0, 0],
		[205, "R12_2", 2007.87, -3503.94, "T", "SMD", "$1N2931", "", "R", 44.59, 54.21, 0, 0],
		[206, "R13_1", 525.24, -3458.65, "T", "SMD", "D32", "", "R", 31.75, 34.02, 0, 90],
		[207, "R13_2", 525.24, -3399.33, "T", "SMD", "GND", "GND", "R", 31.75, 34.02, 0, 90],
		[208, "R14_1", 2626.3, -3200.34, "T", "SMD", "$1N16252", "", "R", 31.75, 34.02, 0, 270],
		[209, "R14_2", 2626.3, -3259.66, "T", "SMD", "$1N16167", "", "R", 31.75, 34.02, 0, 270],
		[210, "R15_1", 3897.64, -3031.5, "T", "SMD", "$1N2940", "", "R", 44.59, 54.21, 0, 0],
		[211, "R15_2", 3976.38, -3031.5, "T", "SMD", "$1N2941", "", "R", 44.59, 54.21, 0, 0],
		[212, "R16_1", 3897.64, -3110.24, "T", "SMD", "$1N2938", "", "R", 44.59, 54.21, 0, 0],
		[213, "R16_2", 3976.38, -3110.24, "T", "SMD", "$1N2939", "", "R", 44.59, 54.21, 0, 0],
		[214, "R17_1", 3897.64, -3188.98, "T", "SMD", "$1N2936", "", "R", 44.59, 54.21, 0, 0],
		[215, "R17_2", 3976.38, -3188.98, "T", "SMD", "$1N2937", "", "R", 44.59, 54.21, 0, 0],
		[216, "R18_1", 3897.64, -3267.72, "T", "SMD", "$1N2934", "", "R", 44.59, 54.21, 0, 0],
		[217, "R18_2", 3976.38, -3267.72, "T", "SMD", "$1N2935", "", "R", 44.59, 54.21, 0, 0],
		[218, "R19_1", 3897.64, -3346.46, "T", "SMD", "$1N2932", "", "R", 44.59, 54.21, 0, 0],
		[219, "R19_2", 3976.38, -3346.46, "T", "SMD", "$1N2933", "", "R", 44.59, 54.21, 0, 0],
		[220, "R20_1", 3897.64, -3425.2, "T", "SMD", "$1N2942", "", "R", 44.59, 54.21, 0, 0],
		[221, "R20_2", 3976.38, -3425.2, "T", "SMD", "$1N2943", "", "R", 44.59, 54.21, 0, 0],
		[222, "R21_1", 3897.64, -3503.94, "T", "SMD", "$1N2944", "", "R", 44.59, 54.21, 0, 0],
		[223, "R21_2", 3976.38, -3503.94, "T", "SMD", "$1N2945", "", "R", 44.59, 54.21, 0, 0],
		[224, "R22_1", 800.34, -535, "B", "SMD", "$1N4231", "", "R", 31.75, 34.02, 0, 0],
		[225, "R22_2", 859.66, -535, "B", "SMD", "TX", "", "R", 31.75, 34.02, 0, 0],
		[226, "R23_1", 800.34, -475, "B", "SMD", "$1N4232", "", "R", 31.75, 34.02, 0, 0],
		[227, "R23_2", 859.66, -475, "B", "SMD", "RX", "", "R", 31.75, 34.02, 0, 0],
		[228, "R24_1", 1034.66, -667.4, "B", "SMD", "$1N4242", "", "R", 31.75, 34.02, 0, 180],
		[229, "R24_2", 975.34, -667.4, "B", "SMD", "RTS", "", "R", 31.75, 34.02, 0, 180],
		[230, "R25_1", 1034.66, -844.18, "B", "SMD", "$1N4250", "", "R", 31.75, 34.02, 0, 180],
		[231, "R25_2", 975.34, -844.18, "B", "SMD", "DTR", "", "R", 31.75, 34.02, 0, 180],
		[232, "R26_1", 1265, -689.32, "B", "SMD", "VCC", "", "R", 31.75, 34.02, 0, 90],
		[233, "R26_2", 1265, -630, "B", "SMD", "D0", "", "R", 31.75, 34.02, 0, 90],
		[234, "R27_1", 1265, -747.46, "B", "SMD", "VCC", "", "R", 31.75, 34.02, 0, 270],
		[235, "R27_2", 1265, -806.78, "B", "SMD", "EN", "", "R", 31.75, 34.02, 0, 270],
		[236, "R28_1", 5866.14, -3031.5, "T", "SMD", "$1N2954", "", "R", 44.59, 54.21, 0, 0],
		[237, "R28_2", 5944.88, -3031.5, "T", "SMD", "$1N2955", "", "R", 44.59, 54.21, 0, 0],
		[238, "R29_1", 5866.14, -3110.24, "T", "SMD", "$1N2952", "", "R", 44.59, 54.21, 0, 0],
		[239, "R29_2", 5944.88, -3110.24, "T", "SMD", "$1N2953", "", "R", 44.59, 54.21, 0, 0],
		[240, "R30_1", 5866.14, -3188.98, "T", "SMD", "$1N2950", "", "R", 44.59, 54.21, 0, 0],
		[241, "R30_2", 5944.88, -3188.98, "T", "SMD", "$1N2951", "", "R", 44.59, 54.21, 0, 0],
		[242, "R31_1", 5866.14, -3267.72, "T", "SMD", "$1N2948", "", "R", 44.59, 54.21, 0, 0],
		[243, "R31_2", 5944.88, -3267.72, "T", "SMD", "$1N2949", "", "R", 44.59, 54.21, 0, 0],
		[244, "R32_1", 5866.14, -3346.46, "T", "SMD", "$1N2946", "", "R", 44.59, 54.21, 0, 0],
		[245, "R32_2", 5944.88, -3346.46, "T", "SMD", "$1N2947", "", "R", 44.59, 54.21, 0, 0],
		[246, "R33_1", 5866.14, -3425.2, "T", "SMD", "$1N2956", "", "R", 44.59, 54.21, 0, 0],
		[247, "R33_2", 5944.88, -3425.2, "T", "SMD", "$1N2957", "", "R", 44.59, 54.21, 0, 0],
		[248, "R34_1", 5866.14, -3503.94, "T", "SMD", "$1N2958", "", "R", 44.59, 54.21, 0, 0],
		[249, "R34_2", 5944.88, -3503.94, "T", "SMD", "$1N2959", "", "R", 44.59, 54.21, 0, 0],
		[250, "R35_1", 7834.65, -3031.5, "T", "SMD", "$1N2985", "", "R", 44.59, 54.21, 0, 0],
		[251, "R35_2", 7913.39, -3031.5, "T", "SMD", "$1N2986", "", "R", 44.59, 54.21, 0, 0],
		[252, "R36_1", 7834.65, -3110.24, "T", "SMD", "$1N2983", "", "R", 44.59, 54.21, 0, 0],
		[253, "R36_2", 7913.39, -3110.24, "T", "SMD", "$1N2984", "", "R", 44.59, 54.21, 0, 0],
		[254, "R37_1", 7834.65, -3188.98, "T", "SMD", "$1N2981", "", "R", 44.59, 54.21, 0, 0],
		[255, "R37_2", 7913.39, -3188.98, "T", "SMD", "$1N2982", "", "R", 44.59, 54.21, 0, 0],
		[256, "R38_1", 7834.65, -3267.72, "T", "SMD", "$1N2979", "", "R", 44.59, 54.21, 0, 0],
		[257, "R38_2", 7913.39, -3267.72, "T", "SMD", "$1N2980", "", "R", 44.59, 54.21, 0, 0],
		[258, "R39_1", 7834.65, -3346.46, "T", "SMD", "$1N2977", "", "R", 44.59, 54.21, 0, 0],
		[259, "R39_2", 7913.39, -3346.46, "T", "SMD", "$1N2978", "", "R", 44.59, 54.21, 0, 0],
		[260, "R40_1", 7834.65, -3425.2, "T", "SMD", "$1N2987", "", "R", 44.59, 54.21, 0, 0],
		[261, "R40_2", 7913.39, -3425.2, "T", "SMD", "$1N2988", "", "R", 44.59, 54.21, 0, 0],
		[262, "R41_1", 7834.65, -3503.94, "T", "SMD", "$1N2989", "", "R", 44.59, 54.21, 0, 0],
		[263, "R41_2", 7913.39, -3503.94, "T", "SMD", "$1N2990", "", "R", 44.59, 54.21, 0, 0],
		[264, "SW1_1", 444.88, -2828.73, "T", "SMD", "D34", "", "R", 66.93, 39.37, 0, 180],
		[265, "SW1_2", 185.04, -2828.73, "T", "SMD", "D34", "", "R", 66.93, 39.37, 0, 180],
		[266, "SW1_3", 444.88, -2683.04, "T", "SMD", "VCC", "", "R", 66.93, 39.37, 0, 180],
		[267, "SW1_4", 185.04, -2683.05, "T", "SMD", "VCC", "", "R", 66.93, 39.37, 0, 180],
		[268, "SW2_1", 444.88, -3143.69, "T", "SMD", "D35", "", "R", 66.93, 39.37, 0, 180],
		[269, "SW2_2", 185.04, -3143.69, "T", "SMD", "D35", "", "R", 66.93, 39.37, 0, 180],
		[270, "SW2_3", 444.88, -2998, "T", "SMD", "VCC", "", "R", 66.93, 39.37, 0, 180],
		[271, "SW2_4", 185.04, -2998.01, "T", "SMD", "VCC", "", "R", 66.93, 39.37, 0, 180],
		[272, "SW3_1", 444.88, -3458.65, "T", "SMD", "D32", "", "R", 66.93, 39.37, 0, 180],
		[273, "SW3_2", 185.04, -3458.65, "T", "SMD", "D32", "", "R", 66.93, 39.37, 0, 180],
		[274, "SW3_3", 444.88, -3312.97, "T", "SMD", "VCC", "", "R", 66.93, 39.37, 0, 180],
		[275, "SW3_4", 185.04, -3312.97, "T", "SMD", "VCC", "", "R", 66.93, 39.37, 0, 180],
		[276, "SW4_1", 1704.72, -635.82, "B", "SMD", "GND", "GND", "R", 66.93, 39.37, 0, 180],
		[277, "SW4_2", 1444.88, -635.82, "B", "SMD", "GND", "GND", "R", 66.93, 39.37, 0, 180],
		[278, "SW4_3", 1704.72, -781.5, "B", "SMD", "EN", "", "R", 66.93, 39.37, 0, 180],
		[279, "SW4_4", 1444.88, -781.5, "B", "SMD", "EN", "", "R", 66.93, 39.37, 0, 180],
		[280, "TP1_1", 806.83, -1001.52, "B", "SMD", "$1N6966", "", "C", 39.37, 39.37, 0, 180],
		[281, "TP2_1", 1979.39, -1586.52, "B", "SMD", "5V", "", "C", 39.37, 39.37, 0, 180],
		[282, "TP3_1", 1898.59, -1916.52, "B", "SMD", "VCC", "", "C", 39.37, 39.37, 0, 180],
		[283, "U1_1", 1069.88, -3124.12, "T", "SMD", "$1N2868", "", "O", 23.7, 77.6, 0, 270],
		[284, "U1_2", 1069.88, -3174.12, "T", "SMD", "$1N2869", "", "O", 23.7, 77.6, 0, 270],
		[285, "U1_3", 1069.88, -3224.12, "T", "SMD", "$1N2870", "", "O", 23.7, 77.6, 0, 270],
		[286, "U1_4", 1069.88, -3274.12, "T", "SMD", "$1N2871", "", "O", 23.7, 77.6, 0, 270],
		[287, "U1_5", 1069.88, -3324.12, "T", "SMD", "$1N2872", "", "O", 23.7, 77.6, 0, 270],
		[288, "U1_6", 1069.88, -3374.12, "T", "SMD", "$1N2873", "", "O", 23.7, 77.6, 0, 270],
		[289, "U1_7", 1069.88, -3424.12, "T", "SMD", "U1_7", "", "O", 23.7, 77.6, 0, 270],
		[290, "U1_8", 1069.88, -3474.12, "T", "SMD", "GND", "GND", "O", 23.7, 77.6, 0, 270],
		[291, "U1_9", 1285.28, -3474.12, "T", "SMD", "1Q7'", "", "O", 23.7, 77.6, 0, 270],
		[292, "U1_10", 1285.28, -3424.12, "T", "SMD", "5V", "", "O", 23.7, 77.6, 0, 270],
		[293, "U1_11", 1285.28, -3374.12, "T", "SMD", "D27", "", "O", 23.7, 77.6, 0, 270],
		[294, "U1_12", 1285.28, -3324.12, "T", "SMD", "D14", "", "O", 23.7, 77.6, 0, 270],
		[295, "U1_13", 1285.28, -3274.12, "T", "SMD", "GND", "GND", "O", 23.7, 77.6, 0, 270],
		[296, "U1_14", 1285.28, -3224.12, "T", "SMD", "D12", "", "O", 23.7, 77.6, 0, 270],
		[297, "U1_15", 1285.28, -3174.12, "T", "SMD", "$1N2867", "", "O", 23.7, 77.6, 0, 270],
		[298, "U1_16", 1285.28, -3124.12, "T", "SMD", "5V", "", "O", 23.7, 77.6, 0, 270],
		[299, "U2_1", 1463.58, -3124.12, "T", "SMD", "$1N2867", "", "O", 23.7, 77.6, 0, 270],
		[300, "U2_2", 1463.58, -3174.12, "T", "SMD", "$1N2868", "", "O", 23.7, 77.6, 0, 270],
		[301, "U2_3", 1463.58, -3224.12, "T", "SMD", "$1N2869", "", "O", 23.7, 77.6, 0, 270],
		[302, "U2_4", 1463.58, -3274.12, "T", "SMD", "$1N2870", "", "O", 23.7, 77.6, 0, 270],
		[303, "U2_5", 1463.58, -3324.12, "T", "SMD", "$1N2871", "", "O", 23.7, 77.6, 0, 270],
		[304, "U2_6", 1463.58, -3374.12, "T", "SMD", "$1N2872", "", "O", 23.7, 77.6, 0, 270],
		[305, "U2_7", 1463.58, -3424.12, "T", "SMD", "$1N2873", "", "O", 23.7, 77.6, 0, 270],
		[306, "U2_8", 1463.58, -3474.12, "T", "SMD", "GND", "GND", "O", 23.7, 77.6, 0, 270],
		[307, "U2_9", 1678.98, -3474.12, "T", "SMD", "U2_9", "", "O", 23.7, 77.6, 0, 270],
		[308, "U2_10", 1678.98, -3424.12, "T", "SMD", "$1N2930", "", "O", 23.7, 77.6, 0, 270],
		[309, "U2_11", 1678.98, -3374.12, "T", "SMD", "$1N2928", "", "O", 23.7, 77.6, 0, 270],
		[310, "U2_12", 1678.98, -3324.12, "T", "SMD", "$1N2926", "", "O", 23.7, 77.6, 0, 270],
		[311, "U2_13", 1678.98, -3274.12, "T", "SMD", "$1N2924", "", "O", 23.7, 77.6, 0, 270],
		[312, "U2_14", 1678.98, -3224.12, "T", "SMD", "$1N2922", "", "O", 23.7, 77.6, 0, 270],
		[313, "U2_15", 1678.98, -3174.12, "T", "SMD", "$1N2920", "", "O", 23.7, 77.6, 0, 270],
		[314, "U2_16", 1678.98, -3124.12, "T", "SMD", "$1N2918", "", "O", 23.7, 77.6, 0, 270],
		[315, "U3_1", 495.08, -2319.41, "B", "SMD", "$1N11617", "", "O", 22.05, 67.32, 0, 90],
		[316, "U3_2", 495.08, -2269.41, "B", "SMD", "GND", "GND", "O", 22.05, 67.32, 0, 90],
		[317, "U3_3", 751.38, -2269.41, "B", "SMD", "D32", "", "O", 22.05, 67.32, 0, 90],
		[318, "U3_4", 751.38, -2319.41, "B", "SMD", "VCC", "", "O", 22.05, 67.32, 0, 90],
		[319, "U4_1", 495.08, -2189.49, "B", "SMD", "$1N11496", "", "O", 22.05, 67.32, 0, 90],
		[320, "U4_2", 495.08, -2139.49, "B", "SMD", "GND", "GND", "O", 22.05, 67.32, 0, 90],
		[321, "U4_3", 751.38, -2139.49, "B", "SMD", "D35", "", "O", 22.05, 67.32, 0, 90],
		[322, "U4_4", 751.38, -2189.49, "B", "SMD", "VCC", "", "O", 22.05, 67.32, 0, 90],
		[323, "U5_1", 495.08, -2059.57, "B", "SMD", "$1N11041", "", "O", 22.05, 67.32, 0, 90],
		[324, "U5_2", 495.08, -2009.57, "B", "SMD", "GND", "GND", "O", 22.05, 67.32, 0, 90],
		[325, "U5_3", 751.38, -2009.57, "B", "SMD", "D34", "", "O", 22.05, 67.32, 0, 90],
		[326, "U5_4", 751.38, -2059.57, "B", "SMD", "VCC", "", "O", 22.05, 67.32, 0, 90],
		[327, "U6_1", 1501.5, -1205, "B", "SMD", "$1N6966", "", "O", 22.38, 76.78, 0, 270],
		[328, "U6_2", 1501.5, -1255, "B", "SMD", "$1N6970", "", "O", 22.38, 76.78, 0, 270],
		[329, "U6_3", 1501.5, -1305, "B", "SMD", "5V", "", "O", 22.38, 76.78, 0, 270],
		[330, "U6_4", 1501.5, -1355, "B", "SMD", "GND", "GND", "O", 22.38, 76.78, 0, 270],
		[331, "U6_5", 1288.5, -1355, "B", "SMD", "GND", "GND", "O", 22.38, 76.78, 0, 270],
		[332, "U6_6", 1288.5, -1305, "B", "SMD", "GND", "GND", "O", 22.38, 76.78, 0, 270],
		[333, "U6_7", 1288.5, -1255, "B", "SMD", "GND", "GND", "O", 22.38, 76.78, 0, 270],
		[334, "U6_8", 1288.5, -1205, "B", "SMD", "GND", "GND", "O", 22.38, 76.78, 0, 270],
		[335, "U7_1", 3038.38, -3124.12, "T", "SMD", "$1N2885", "", "O", 23.7, 77.6, 0, 270],
		[336, "U7_2", 3038.38, -3174.12, "T", "SMD", "$1N2886", "", "O", 23.7, 77.6, 0, 270],
		[337, "U7_3", 3038.38, -3224.12, "T", "SMD", "$1N2887", "", "O", 23.7, 77.6, 0, 270],
		[338, "U7_4", 3038.38, -3274.12, "T", "SMD", "$1N2888", "", "O", 23.7, 77.6, 0, 270],
		[339, "U7_5", 3038.38, -3324.12, "T", "SMD", "$1N2889", "", "O", 23.7, 77.6, 0, 270],
		[340, "U7_6", 3038.38, -3374.12, "T", "SMD", "$1N2890", "", "O", 23.7, 77.6, 0, 270],
		[341, "U7_7", 3038.38, -3424.12, "T", "SMD", "$1N16167", "", "O", 23.7, 77.6, 0, 270],
		[342, "U7_8", 3038.38, -3474.12, "T", "SMD", "GND", "GND", "O", 23.7, 77.6, 0, 270],
		[343, "U7_9", 3253.78, -3474.12, "T", "SMD", "2Q7'", "", "O", 23.7, 77.6, 0, 270],
		[344, "U7_10", 3253.78, -3424.12, "T", "SMD", "5V", "", "O", 23.7, 77.6, 0, 270],
		[345, "U7_11", 3253.78, -3374.12, "T", "SMD", "D27", "", "O", 23.7, 77.6, 0, 270],
		[346, "U7_12", 3253.78, -3324.12, "T", "SMD", "D14", "", "O", 23.7, 77.6, 0, 270],
		[347, "U7_13", 3253.78, -3274.12, "T", "SMD", "GND", "GND", "O", 23.7, 77.6, 0, 270],
		[348, "U7_14", 3253.78, -3224.12, "T", "SMD", "1Q7'", "", "O", 23.7, 77.6, 0, 270],
		[349, "U7_15", 3253.78, -3174.12, "T", "SMD", "$1N2884", "", "O", 23.7, 77.6, 0, 270],
		[350, "U7_16", 3253.78, -3124.12, "T", "SMD", "5V", "", "O", 23.7, 77.6, 0, 270],
		[351, "U8_1", 3432.09, -3124.12, "T", "SMD", "$1N2884", "", "O", 23.7, 77.6, 0, 270],
		[352, "U8_2", 3432.09, -3174.12, "T", "SMD", "$1N2885", "", "O", 23.7, 77.6, 0, 270],
		[353, "U8_3", 3432.09, -3224.12, "T", "SMD", "$1N2886", "", "O", 23.7, 77.6, 0, 270],
		[354, "U8_4", 3432.09, -3274.12, "T", "SMD", "$1N2887", "", "O", 23.7, 77.6, 0, 270],
		[355, "U8_5", 3432.09, -3324.12, "T", "SMD", "$1N2888", "", "O", 23.7, 77.6, 0, 270],
		[356, "U8_6", 3432.09, -3374.12, "T", "SMD", "$1N2889", "", "O", 23.7, 77.6, 0, 270],
		[357, "U8_7", 3432.09, -3424.12, "T", "SMD", "$1N2890", "", "O", 23.7, 77.6, 0, 270],
		[358, "U8_8", 3432.09, -3474.12, "T", "SMD", "GND", "GND", "O", 23.7, 77.6, 0, 270],
		[359, "U8_9", 3647.49, -3474.12, "T", "SMD", "U8_9", "", "O", 23.7, 77.6, 0, 270],
		[360, "U8_10", 3647.49, -3424.12, "T", "SMD", "$1N2944", "", "O", 23.7, 77.6, 0, 270],
		[361, "U8_11", 3647.49, -3374.12, "T", "SMD", "$1N2942", "", "O", 23.7, 77.6, 0, 270],
		[362, "U8_12", 3647.49, -3324.12, "T", "SMD", "$1N2932", "", "O", 23.7, 77.6, 0, 270],
		[363, "U8_13", 3647.49, -3274.12, "T", "SMD", "$1N2934", "", "O", 23.7, 77.6, 0, 270],
		[364, "U8_14", 3647.49, -3224.12, "T", "SMD", "$1N2936", "", "O", 23.7, 77.6, 0, 270],
		[365, "U8_15", 3647.49, -3174.12, "T", "SMD", "$1N2938", "", "O", 23.7, 77.6, 0, 270],
		[366, "U8_16", 3647.49, -3124.12, "T", "SMD", "$1N2940", "", "O", 23.7, 77.6, 0, 270],
		[367, "U9_1", 1570.61, -1945, "B", "SMD", "U9_1", "", "O", 24.8, 73.42, 0, 270],
		[368, "U9_2", 1570.61, -1995, "B", "SMD", "U9_2", "", "O", 24.8, 73.42, 0, 270],
		[369, "U9_3", 1570.61, -2045, "B", "SMD", "U9_3", "", "O", 24.8, 73.42, 0, 270],
		[370, "U9_4", 1570.61, -2095, "B", "SMD", "VCC", "", "O", 24.8, 73.42, 0, 270],
		[371, "U9_5", 1359.39, -2095, "B", "SMD", "GND", "GND", "O", 24.8, 73.42, 0, 270],
		[372, "U9_6", 1359.39, -2045, "B", "SMD", "GND", "GND", "O", 24.8, 73.42, 0, 270],
		[373, "U9_7", 1359.39, -1995, "B", "SMD", "$1N6977", "", "O", 24.8, 73.42, 0, 270],
		[374, "U9_8", 1359.39, -1945, "B", "SMD", "$1N6985", "", "O", 24.8, 73.42, 0, 270],
		[375, "U10_1", 663.09, -430, "B", "SMD", "GND", "GND", "O", 22.05, 68.7, 0, 270],
		[376, "U10_2", 663.09, -480, "B", "SMD", "$1N4232", "", "O", 22.05, 68.7, 0, 270],
		[377, "U10_3", 663.09, -530, "B", "SMD", "$1N4231", "", "O", 22.05, 68.7, 0, 270],
		[378, "U10_4", 663.09, -580, "B", "SMD", "$1N4238", "", "O", 22.05, 68.7, 0, 270],
		[379, "U10_5", 663.09, -630, "B", "SMD", "$1N4234", "", "O", 22.05, 68.7, 0, 270],
		[380, "U10_6", 663.09, -680, "B", "SMD", "$1N4237", "", "O", 22.05, 68.7, 0, 270],
		[381, "U10_7", 663.09, -730, "B", "SMD", "U10_7", "", "O", 22.05, 68.7, 0, 270],
		[382, "U10_8", 663.09, -780, "B", "SMD", "U10_8", "", "O", 22.05, 68.7, 0, 270],
		[383, "U10_9", 436.91, -780, "B", "SMD", "U10_9", "", "O", 22.05, 68.7, 0, 270],
		[384, "U10_10", 436.91, -730, "B", "SMD", "U10_10", "", "O", 22.05, 68.7, 0, 270],
		[385, "U10_11", 436.91, -680, "B", "SMD", "U10_11", "", "O", 22.05, 68.7, 0, 270],
		[386, "U10_12", 436.91, -630, "B", "SMD", "U10_12", "", "O", 22.05, 68.7, 0, 270],
		[387, "U10_13", 436.91, -580, "B", "SMD", "DTR", "", "O", 22.05, 68.7, 0, 270],
		[388, "U10_14", 436.91, -530, "B", "SMD", "RTS", "", "O", 22.05, 68.7, 0, 270],
		[389, "U10_15", 436.91, -480, "B", "SMD", "U10_15", "", "O", 22.05, 68.7, 0, 270],
		[390, "U10_16", 436.91, -430, "B", "SMD", "5V", "", "O", 22.05, 68.7, 0, 270],
		[391, "U11_1", 5006.89, -3124.12, "T", "SMD", "$1N2902", "", "O", 23.7, 77.6, 0, 270],
		[392, "U11_2", 5006.89, -3174.12, "T", "SMD", "$1N2903", "", "O", 23.7, 77.6, 0, 270],
		[393, "U11_3", 5006.89, -3224.12, "T", "SMD", "$1N2904", "", "O", 23.7, 77.6, 0, 270],
		[394, "U11_4", 5006.89, -3274.12, "T", "SMD", "$1N2905", "", "O", 23.7, 77.6, 0, 270],
		[395, "U11_5", 5006.89, -3324.12, "T", "SMD", "$1N2906", "", "O", 23.7, 77.6, 0, 270],
		[396, "U11_6", 5006.89, -3374.12, "T", "SMD", "$1N2907", "", "O", 23.7, 77.6, 0, 270],
		[397, "U11_7", 5006.89, -3424.12, "T", "SMD", "U11_7", "", "O", 23.7, 77.6, 0, 270],
		[398, "U11_8", 5006.89, -3474.12, "T", "SMD", "GND", "GND", "O", 23.7, 77.6, 0, 270],
		[399, "U11_9", 5222.29, -3474.12, "T", "SMD", "3Q7'", "", "O", 23.7, 77.6, 0, 270],
		[400, "U11_10", 5222.29, -3424.12, "T", "SMD", "5V", "", "O", 23.7, 77.6, 0, 270],
		[401, "U11_11", 5222.29, -3374.12, "T", "SMD", "D27", "", "O", 23.7, 77.6, 0, 270],
		[402, "U11_12", 5222.29, -3324.12, "T", "SMD", "D14", "", "O", 23.7, 77.6, 0, 270],
		[403, "U11_13", 5222.29, -3274.12, "T", "SMD", "GND", "GND", "O", 23.7, 77.6, 0, 270],
		[404, "U11_14", 5222.29, -3224.12, "T", "SMD", "2Q7'", "", "O", 23.7, 77.6, 0, 270],
		[405, "U11_15", 5222.29, -3174.12, "T", "SMD", "$1N2901", "", "O", 23.7, 77.6, 0, 270],
		[406, "U11_16", 5222.29, -3124.12, "T", "SMD", "5V", "", "O", 23.7, 77.6, 0, 270],
		[407, "U12_1", 5400.59, -3124.12, "T", "SMD", "$1N2901", "", "O", 23.7, 77.6, 0, 270],
		[408, "U12_2", 5400.59, -3174.12, "T", "SMD", "$1N2902", "", "O", 23.7, 77.6, 0, 270],
		[409, "U12_3", 5400.59, -3224.12, "T", "SMD", "$1N2903", "", "O", 23.7, 77.6, 0, 270],
		[410, "U12_4", 5400.59, -3274.12, "T", "SMD", "$1N2904", "", "O", 23.7, 77.6, 0, 270],
		[411, "U12_5", 5400.59, -3324.12, "T", "SMD", "$1N2905", "", "O", 23.7, 77.6, 0, 270],
		[412, "U12_6", 5400.59, -3374.12, "T", "SMD", "$1N2906", "", "O", 23.7, 77.6, 0, 270],
		[413, "U12_7", 5400.59, -3424.12, "T", "SMD", "$1N2907", "", "O", 23.7, 77.6, 0, 270],
		[414, "U12_8", 5400.59, -3474.12, "T", "SMD", "GND", "GND", "O", 23.7, 77.6, 0, 270],
		[415, "U12_9", 5615.99, -3474.12, "T", "SMD", "U12_9", "", "O", 23.7, 77.6, 0, 270],
		[416, "U12_10", 5615.99, -3424.12, "T", "SMD", "$1N2958", "", "O", 23.7, 77.6, 0, 270],
		[417, "U12_11", 5615.99, -3374.12, "T", "SMD", "$1N2956", "", "O", 23.7, 77.6, 0, 270],
		[418, "U12_12", 5615.99, -3324.12, "T", "SMD", "$1N2946", "", "O", 23.7, 77.6, 0, 270],
		[419, "U12_13", 5615.99, -3274.12, "T", "SMD", "$1N2948", "", "O", 23.7, 77.6, 0, 270],
		[420, "U12_14", 5615.99, -3224.12, "T", "SMD", "$1N2950", "", "O", 23.7, 77.6, 0, 270],
		[421, "U12_15", 5615.99, -3174.12, "T", "SMD", "$1N2952", "", "O", 23.7, 77.6, 0, 270],
		[422, "U12_16", 5615.99, -3124.12, "T", "SMD", "$1N2954", "", "O", 23.7, 77.6, 0, 270],
		[423, "U13_1", 2884.32, -305.07, "B", "SMD", "GND", "GND", "R", 37.4, 82.68, 0, 270],
		[424, "U13_2", 2884.32, -355.07, "B", "SMD", "VCC", "", "R", 37.4, 82.68, 0, 270],
		[425, "U13_3", 2884.32, -405.07, "B", "SMD", "EN", "", "R", 37.4, 82.68, 0, 270],
		[426, "U13_4", 2884.32, -455.07, "B", "SMD", "U13_4", "", "R", 37.4, 82.68, 0, 270],
		[427, "U13_5", 2884.32, -505.07, "B", "SMD", "U13_5", "", "R", 37.4, 82.68, 0, 270],
		[428, "U13_6", 2884.32, -555.07, "B", "SMD", "D34", "", "R", 37.4, 82.68, 0, 270],
		[429, "U13_7", 2884.32, -605.07, "B", "SMD", "D35", "", "R", 37.4, 82.68, 0, 270],
		[430, "U13_8", 2884.32, -655.07, "B", "SMD", "D32", "", "R", 37.4, 82.68, 0, 270],
		[431, "U13_9", 2884.32, -705.07, "B", "SMD", "U13_9", "", "R", 37.4, 82.68, 0, 270],
		[432, "U13_10", 2884.32, -755.07, "B", "SMD", "U13_10", "", "R", 37.4, 82.68, 0, 270],
		[433, "U13_11", 2884.32, -805.07, "B", "SMD", "U13_11", "", "R", 37.4, 82.68, 0, 270],
		[434, "U13_12", 2884.32, -855.07, "B", "SMD", "D27", "", "R", 37.4, 82.68, 0, 270],
		[435, "U13_13", 2884.32, -905.07, "B", "SMD", "D14", "", "R", 37.4, 82.68, 0, 270],
		[436, "U13_14", 2884.32, -955.07, "B", "SMD", "D12", "", "R", 37.4, 82.68, 0, 270],
		[437, "U13_15", 2754.99, -1014.92, "B", "SMD", "GND", "GND", "R", 82.68, 37.4, 0, 270],
		[438, "U13_16", 2704.99, -1014.93, "B", "SMD", "U13_16", "", "R", 82.68, 37.4, 0, 270],
		[439, "U13_17", 2654.99, -1014.93, "B", "SMD", "U13_17", "", "R", 82.68, 37.4, 0, 270],
		[440, "U13_18", 2604.99, -1014.93, "B", "SMD", "U13_18", "", "R", 82.68, 37.4, 0, 270],
		[441, "U13_19", 2554.99, -1014.93, "B", "SMD", "U13_19", "", "R", 82.68, 37.4, 0, 270],
		[442, "U13_20", 2504.99, -1014.91, "B", "SMD", "U13_20", "", "R", 82.68, 37.4, 0, 270],
		[443, "U13_21", 2454.99, -1014.91, "B", "SMD", "U13_21", "", "R", 82.68, 37.4, 0, 270],
		[444, "U13_22", 2404.99, -1014.91, "B", "SMD", "U13_22", "", "R", 82.68, 37.4, 0, 270],
		[445, "U13_23", 2354.99, -1014.91, "B", "SMD", "U13_23", "", "R", 82.68, 37.4, 0, 270],
		[446, "U13_24", 2304.99, -1014.91, "B", "SMD", "U13_24", "", "R", 82.68, 37.4, 0, 270],
		[447, "U13_25", 2175.68, -955.08, "B", "SMD", "D0", "", "R", 37.4, 82.68, 0, 270],
		[448, "U13_26", 2175.68, -905.08, "B", "SMD", "U13_26", "", "R", 37.4, 82.68, 0, 270],
		[449, "U13_27", 2175.68, -855.08, "B", "SMD", "U13_27", "", "R", 37.4, 82.68, 0, 270],
		[450, "U13_28", 2175.68, -805.08, "B", "SMD", "U13_28", "", "R", 37.4, 82.68, 0, 270],
		[451, "U13_29", 2175.68, -755.08, "B", "SMD", "U13_29", "", "R", 37.4, 82.68, 0, 270],
		[452, "U13_30", 2175.68, -705.08, "B", "SMD", "U13_30", "", "R", 37.4, 82.68, 0, 270],
		[453, "U13_31", 2175.68, -655.08, "B", "SMD", "U13_31", "", "R", 37.4, 82.68, 0, 270],
		[454, "U13_32", 2175.68, -605.08, "B", "SMD", "U13_32", "", "R", 37.4, 82.68, 0, 270],
		[455, "U13_33", 2175.68, -555.08, "B", "SMD", "SDA", "", "R", 37.4, 82.68, 0, 270],
		[456, "U13_34", 2175.68, -505.08, "B", "SMD", "RX", "", "R", 37.4, 82.68, 0, 270],
		[457, "U13_35", 2175.68, -455.08, "B", "SMD", "TX", "", "R", 37.4, 82.68, 0, 270],
		[458, "U13_36", 2175.68, -405.08, "B", "SMD", "SCL", "", "R", 37.4, 82.68, 0, 270],
		[459, "U13_37", 2175.68, -355.08, "B", "SMD", "U13_37", "", "R", 37.4, 82.68, 0, 270],
		[460, "U13_38", 2175.68, -305.08, "B", "SMD", "GND", "GND", "R", 37.4, 82.68, 0, 270],
		[461, "U13_39", 2570.03, -602.04, "B", "SMD", "GND", "GND", "R", 196.85, 196.85, 0, 180],
		[462, "U14_1", 6975.39, -3124.12, "T", "SMD", "$1N2961", "", "O", 23.7, 77.6, 0, 270],
		[463, "U14_2", 6975.39, -3174.12, "T", "SMD", "$1N2962", "", "O", 23.7, 77.6, 0, 270],
		[464, "U14_3", 6975.39, -3224.12, "T", "SMD", "$1N2963", "", "O", 23.7, 77.6, 0, 270],
		[465, "U14_4", 6975.39, -3274.12, "T", "SMD", "$1N2964", "", "O", 23.7, 77.6, 0, 270],
		[466, "U14_5", 6975.39, -3324.12, "T", "SMD", "$1N2965", "", "O", 23.7, 77.6, 0, 270],
		[467, "U14_6", 6975.39, -3374.12, "T", "SMD", "$1N2966", "", "O", 23.7, 77.6, 0, 270],
		[468, "U14_7", 6975.39, -3424.12, "T", "SMD", "U14_7", "", "O", 23.7, 77.6, 0, 270],
		[469, "U14_8", 6975.39, -3474.12, "T", "SMD", "GND", "GND", "O", 23.7, 77.6, 0, 270],
		[470, "U14_9", 7190.79, -3474.12, "T", "SMD", "4Q7'", "", "O", 23.7, 77.6, 0, 270],
		[471, "U14_10", 7190.79, -3424.12, "T", "SMD", "5V", "", "O", 23.7, 77.6, 0, 270],
		[472, "U14_11", 7190.79, -3374.12, "T", "SMD", "D27", "", "O", 23.7, 77.6, 0, 270],
		[473, "U14_12", 7190.79, -3324.12, "T", "SMD", "D14", "", "O", 23.7, 77.6, 0, 270],
		[474, "U14_13", 7190.79, -3274.12, "T", "SMD", "GND", "GND", "O", 23.7, 77.6, 0, 270],
		[475, "U14_14", 7190.79, -3224.12, "T", "SMD", "3Q7'", "", "O", 23.7, 77.6, 0, 270],
		[476, "U14_15", 7190.79, -3174.12, "T", "SMD", "$1N2960", "", "O", 23.7, 77.6, 0, 270],
		[477, "U14_16", 7190.79, -3124.12, "T", "SMD", "5V", "", "O", 23.7, 77.6, 0, 270],
		[478, "U15_1", 7369.09, -3124.12, "T", "SMD", "$1N2960", "", "O", 23.7, 77.6, 0, 270],
		[479, "U15_2", 7369.09, -3174.12, "T", "SMD", "$1N2961", "", "O", 23.7, 77.6, 0, 270],
		[480, "U15_3", 7369.09, -3224.12, "T", "SMD", "$1N2962", "", "O", 23.7, 77.6, 0, 270],
		[481, "U15_4", 7369.09, -3274.12, "T", "SMD", "$1N2963", "", "O", 23.7, 77.6, 0, 270],
		[482, "U15_5", 7369.09, -3324.12, "T", "SMD", "$1N2964", "", "O", 23.7, 77.6, 0, 270],
		[483, "U15_6", 7369.09, -3374.12, "T", "SMD", "$1N2965", "", "O", 23.7, 77.6, 0, 270],
		[484, "U15_7", 7369.09, -3424.12, "T", "SMD", "$1N2966", "", "O", 23.7, 77.6, 0, 270],
		[485, "U15_8", 7369.09, -3474.12, "T", "SMD", "GND", "GND", "O", 23.7, 77.6, 0, 270],
		[486, "U15_9", 7584.49, -3474.12, "T", "SMD", "U15_9", "", "O", 23.7, 77.6, 0, 270],
		[487, "U15_10", 7584.49, -3424.12, "T", "SMD", "$1N2989", "", "O", 23.7, 77.6, 0, 270],
		[488, "U15_11", 7584.49, -3374.12, "T", "SMD", "$1N2987", "", "O", 23.7, 77.6, 0, 270],
		[489, "U15_12", 7584.49, -3324.12, "T", "SMD", "$1N2977", "", "O", 23.7, 77.6, 0, 270],
		[490, "U15_13", 7584.49, -3274.12, "T", "SMD", "$1N2979", "", "O", 23.7, 77.6, 0, 270],
		[491, "U15_14", 7584.49, -3224.12, "T", "SMD", "$1N2981", "", "O", 23.7, 77.6, 0, 270],
		[492, "U15_15", 7584.49, -3174.12, "T", "SMD", "$1N2983", "", "O", 23.7, 77.6, 0, 270],
		[493, "U15_16", 7584.49, -3124.12, "T", "SMD", "$1N2985", "", "O", 23.7, 77.6, 0, 270],
		[494, "USB1_0", 237.16, -760.83, "T", "DIP", "GND", "GND", "O", 47.24, 78.74, 62.99, 90],
		[495, "USB1_0", 237.16, -760.83, "B", "DIP", "GND", "GND", "O", 47.24, 78.74, 62.99, 90],
		[496, "USB1_1", 237.16, -420.27, "T", "DIP", "GND", "GND", "O", 47.24, 78.74, 62.99, 90],
		[497, "USB1_1", 237.16, -420.27, "B", "DIP", "GND", "GND", "O", 47.24, 78.74, 62.99, 90],
		[498, "USB1_2", 72.59, -420.27, "T", "DIP", "GND", "GND", "O", 47.24, 70.87, 55.12, 90],
		[499, "USB1_2", 72.59, -420.27, "B", "DIP", "GND", "GND", "O", 47.24, 70.87, 55.12, 90],
		[500, "USB1_3", 72.59, -760.83, "T", "DIP", "GND", "GND", "O", 47.24, 70.87, 55.12, 90],
		[501, "USB1_3", 72.59, -760.83, "B", "DIP", "GND", "GND", "O", 47.24, 70.87, 55.12, 90],
		[502, "USB1_A1", 267.41, -722.44, "B", "SMD", "GND", "GND", "R", 11.81, 51.18, 0, 90],
		[503, "USB1_A12", 267.41, -458.66, "B", "SMD", "GND", "GND", "R", 11.81, 51.18, 0, 90],
		[504, "USB1_A4", 267.41, -690.94, "B", "SMD", "5V", "", "R", 11.81, 51.18, 0, 90],
		[505, "USB1_A5", 267.41, -639.76, "B", "SMD", "USB1_A5", "", "R", 11.81, 51.18, 0, 90],
		[506, "USB1_A6", 267.41, -600.39, "B", "SMD", "$1N4234", "", "R", 11.81, 51.18, 0, 90],
		[507, "USB1_A7", 267.41, -580.71, "B", "SMD", "$1N4237", "", "R", 11.81, 51.18, 0, 90],
		[508, "USB1_A8", 267.41, -541.35, "B", "SMD", "USB1_A8", "", "R", 11.81, 51.18, 0, 90],
		[509, "USB1_A9", 267.41, -490.15, "B", "SMD", "5V", "", "R", 11.81, 51.18, 0, 90],
		[510, "USB1_B1", 267.41, -470.47, "B", "SMD", "GND", "GND", "R", 11.81, 51.18, 0, 90],
		[511, "USB1_B12", 267.41, -710.63, "B", "SMD", "GND", "GND", "R", 11.81, 51.18, 0, 90],
		[512, "USB1_B4", 267.41, -501.97, "B", "SMD", "5V", "", "R", 11.81, 51.18, 0, 90],
		[513, "USB1_B5", 267.41, -521.65, "B", "SMD", "USB1_B5", "", "R", 11.81, 51.18, 0, 90],
		[514, "USB1_B6", 267.41, -561.02, "B", "SMD", "$1N4234", "", "R", 11.81, 51.18, 0, 90],
		[515, "USB1_B7", 267.41, -620.08, "B", "SMD", "$1N4237", "", "R", 11.81, 51.18, 0, 90],
		[516, "USB1_B8", 267.41, -659.45, "B", "SMD", "USB1_B8", "", "R", 11.81, 51.18, 0, 90],
		[517, "USB1_B9", 267.41, -679.13, "B", "SMD", "5V", "", "R", 11.81, 51.18, 0, 90]
	]
}
}